[
    {
        "name": "Org1MSPPrivateCollection",
        "policy": "OR('Org1MSP.member')",
        "requiredPeerCount": 0,
        "maxPeerCount": 1,
        "blockToLive": 0,
        "memberOnlyRead": true,
        "memberOnlyWrite": true,
        "endorsementPolicy": {
            "signaturePolicy": "OR('Org1MSP.member')"
        }
    },
    {
        "name": "Org2MSPPrivateCollection",
        "policy": "OR('Org2MSP.member')",
        "requiredPeerCount": 0,
        "maxPeerCount": 1,
        "blockToLive": 0,
        "memberOnlyRead": true,
        "memberOnlyWrite": true,
        "endorsementPolicy": {
            "signaturePolicy": "OR('Org2MSP.member')"
        }
    }
]
